{
	"parent": "minecraft:block/cube",
	"textures": {
		"particle": "block/texture",
		"1_0": "minecraft:block/bedrock"
	},
	"elements": [
		{
			"from": [0, 0, 0],
			"to": [16, 16, 16],
			"color": 1,
			"faces": {
				"north": {"uv": [0, 0, 16, 16], "texture": "#1_0"},
				"east": {"uv": [0, 0, 16, 16], "texture": "#1_0"},
				"south": {"uv": [0, 0, 16, 16], "texture": "#1_0"},
				"west": {"uv": [0, 0, 16, 16], "texture": "#1_0"},
				"up": {"uv": [0, 0, 16, 16], "texture": "#1_0"},
				"down": {"uv": [0, 0, 16, 16], "texture": "#1_0"}
			}
		}
	],
	"display": {
		"thirdperson_righthand": {
			"scale": [0.3, 0.3, 0.3]
		},
		"thirdperson_lefthand": {
			"scale": [0.3, 0.3, 0.3]
		},
		"firstperson_righthand": {
			"scale": [0.3, 0.3, 0.3]
		},
		"firstperson_lefthand": {
			"scale": [0.3, 0.3, 0.3]
		},
		"ground": {
			"scale": [0.3, 0.3, 0.3]
		},
		"fixed": {
			"translation": [0, 0, 16],
			"scale": [2.01, 2.01, 2.01]
		}
	}
}