{
    "parent": "minecraft:item/generated",
    "textures": {
        "layer0": "minecraft:item/iron_nugget"
    },
	"overrides": [
		{ "predicate": { "custom_model_data": 1 }, "model": "item/letter/a" },
		{ "predicate": { "custom_model_data": 2 }, "model": "item/letter/b" },
		{ "predicate": { "custom_model_data": 3 }, "model": "item/letter/c" },
		{ "predicate": { "custom_model_data": 4 }, "model": "item/letter/d" },
		{ "predicate": { "custom_model_data": 5 }, "model": "item/letter/e" },
		{ "predicate": { "custom_model_data": 6 }, "model": "item/letter/f" },
		{ "predicate": { "custom_model_data": 7 }, "model": "item/letter/g" },
		{ "predicate": { "custom_model_data": 8 }, "model": "item/letter/h" },
		{ "predicate": { "custom_model_data": 9 }, "model": "item/letter/i" },
		{ "predicate": { "custom_model_data": 10 }, "model": "item/letter/j" },
		{ "predicate": { "custom_model_data": 11 }, "model": "item/letter/k" },
		{ "predicate": { "custom_model_data": 12 }, "model": "item/letter/l" },
		{ "predicate": { "custom_model_data": 13 }, "model": "item/letter/m" },
		{ "predicate": { "custom_model_data": 14 }, "model": "item/letter/n" },
		{ "predicate": { "custom_model_data": 15 }, "model": "item/letter/o" },
		{ "predicate": { "custom_model_data": 16 }, "model": "item/letter/p" },
		{ "predicate": { "custom_model_data": 17 }, "model": "item/letter/q" },
		{ "predicate": { "custom_model_data": 18 }, "model": "item/letter/r" },
		{ "predicate": { "custom_model_data": 19 }, "model": "item/letter/s" },
		{ "predicate": { "custom_model_data": 20 }, "model": "item/letter/t" },
		{ "predicate": { "custom_model_data": 21 }, "model": "item/letter/u" },
		{ "predicate": { "custom_model_data": 22 }, "model": "item/letter/v" },
		{ "predicate": { "custom_model_data": 23 }, "model": "item/letter/w" },
		{ "predicate": { "custom_model_data": 24 }, "model": "item/letter/x" },
		{ "predicate": { "custom_model_data": 25 }, "model": "item/letter/y" },
		{ "predicate": { "custom_model_data": 26 }, "model": "item/letter/z" }
	]
}