{
    "parent": "minecraft:item/generated",
    "textures": {
        "layer0": "minecraft:item/iron_nugget"
    },
	"overrides": [
		{ "predicate": { "custom_model_data": 1 }, "model": "item/a" },
		{ "predicate": { "custom_model_data": 2 }, "model": "item/b" },
		{ "predicate": { "custom_model_data": 3 }, "model": "item/c" },
		{ "predicate": { "custom_model_data": 4 }, "model": "item/d" },
		{ "predicate": { "custom_model_data": 5 }, "model": "item/e" },
		{ "predicate": { "custom_model_data": 6 }, "model": "item/f" },
		{ "predicate": { "custom_model_data": 7 }, "model": "item/g" },
		{ "predicate": { "custom_model_data": 8 }, "model": "item/h" },
		{ "predicate": { "custom_model_data": 9 }, "model": "item/i" },
		{ "predicate": { "custom_model_data": 10 }, "model": "item/j" },
		{ "predicate": { "custom_model_data": 11 }, "model": "item/k" },
		{ "predicate": { "custom_model_data": 12 }, "model": "item/l" },
		{ "predicate": { "custom_model_data": 13 }, "model": "item/m" },
		{ "predicate": { "custom_model_data": 14 }, "model": "item/n" },
		{ "predicate": { "custom_model_data": 15 }, "model": "item/o" },
		{ "predicate": { "custom_model_data": 16 }, "model": "item/p" },
		{ "predicate": { "custom_model_data": 17 }, "model": "item/q" },
		{ "predicate": { "custom_model_data": 18 }, "model": "item/r" },
		{ "predicate": { "custom_model_data": 19 }, "model": "item/s" },
		{ "predicate": { "custom_model_data": 20 }, "model": "item/t" },
		{ "predicate": { "custom_model_data": 21 }, "model": "item/u" },
		{ "predicate": { "custom_model_data": 22 }, "model": "item/v" },
		{ "predicate": { "custom_model_data": 23 }, "model": "item/w" },
		{ "predicate": { "custom_model_data": 24 }, "model": "item/x" },
		{ "predicate": { "custom_model_data": 25 }, "model": "item/y" },
		{ "predicate": { "custom_model_data": 26 }, "model": "item/z" }
	]
}