{
    "parent": "minecraft:item/generated",
    "textures": {
        "layer0": "minecraft:item/iron_nugget"
    },
	"overrides": [
		{ "predicate": { "custom_model_data": 1 }, "model": "item/letters/a" },
		{ "predicate": { "custom_model_data": 2 }, "model": "item/letters/b" },
		{ "predicate": { "custom_model_data": 3 }, "model": "item/letters/c" },
		{ "predicate": { "custom_model_data": 4 }, "model": "item/letters/d" },
		{ "predicate": { "custom_model_data": 5 }, "model": "item/letters/e" },
		{ "predicate": { "custom_model_data": 6 }, "model": "item/letters/f" },
		{ "predicate": { "custom_model_data": 7 }, "model": "item/letters/g" },
		{ "predicate": { "custom_model_data": 8 }, "model": "item/letters/h" },
		{ "predicate": { "custom_model_data": 9 }, "model": "item/letters/i" },
		{ "predicate": { "custom_model_data": 10 }, "model": "item/letters/j" },
		{ "predicate": { "custom_model_data": 11 }, "model": "item/letters/k" },
		{ "predicate": { "custom_model_data": 12 }, "model": "item/letters/l" },
		{ "predicate": { "custom_model_data": 13 }, "model": "item/letters/m" },
		{ "predicate": { "custom_model_data": 14 }, "model": "item/letters/n" },
		{ "predicate": { "custom_model_data": 15 }, "model": "item/letters/o" },
		{ "predicate": { "custom_model_data": 16 }, "model": "item/letters/p" },
		{ "predicate": { "custom_model_data": 17 }, "model": "item/letters/q" },
		{ "predicate": { "custom_model_data": 18 }, "model": "item/letters/r" },
		{ "predicate": { "custom_model_data": 19 }, "model": "item/letters/s" },
		{ "predicate": { "custom_model_data": 20 }, "model": "item/letters/t" },
		{ "predicate": { "custom_model_data": 21 }, "model": "item/letters/u" },
		{ "predicate": { "custom_model_data": 22 }, "model": "item/letters/v" },
		{ "predicate": { "custom_model_data": 23 }, "model": "item/letters/w" },
		{ "predicate": { "custom_model_data": 24 }, "model": "item/letters/x" },
		{ "predicate": { "custom_model_data": 25 }, "model": "item/letters/y" },
		{ "predicate": { "custom_model_data": 26 }, "model": "item/letters/z" }
	]
}