{
	"credit": "Made with Blockbench",
	"textures": {
		"0": "item/DouglasGordo",
		"particle": "item/DouglasGordo"
	},
	"elements": [
		{
			"name": "Body",
			"from": [4, 12, 6],
			"to": [12, 24, 10],
			"faces": {
				"north": {"uv": [5, 5, 7, 8], "texture": "#0"},
				"east": {"uv": [4, 5, 5, 8], "texture": "#0"},
				"south": {"uv": [8, 5, 10, 8], "texture": "#0"},
				"west": {"uv": [7, 5, 8, 8], "texture": "#0"},
				"up": {"uv": [5, 4, 7, 5], "texture": "#0"},
				"down": {"uv": [7, 4, 9, 5], "texture": "#0"}
			}
		},
		{
			"name": "RLeg",
			"from": [8, 0, 6],
			"to": [12, 12, 10],
			"faces": {
				"north": {"uv": [1, 5, 2, 8], "texture": "#0"},
				"east": {"uv": [0, 5, 1, 8], "texture": "#0"},
				"south": {"uv": [3, 5, 4, 8], "texture": "#0"},
				"west": {"uv": [2, 5, 3, 8], "texture": "#0"},
				"up": {"uv": [1, 4, 2, 5], "texture": "#0"},
				"down": {"uv": [2, 4, 3, 5], "texture": "#0"}
			}
		},
		{
			"name": "LLeg",
			"from": [4, 0, 6],
			"to": [8, 12, 10],
			"faces": {
				"north": {"uv": [5, 13, 6, 16], "texture": "#0"},
				"east": {"uv": [4, 13, 5, 16], "texture": "#0"},
				"south": {"uv": [7, 13, 8, 16], "texture": "#0"},
				"west": {"uv": [6, 13, 7, 16], "texture": "#0"},
				"up": {"uv": [5, 12, 6, 13], "texture": "#0"},
				"down": {"uv": [6, 12, 7, 13], "texture": "#0"}
			}
		},
		{
			"name": "RArm",
			"from": [12, 12, 6],
			"to": [16, 24, 10],
			"faces": {
				"north": {"uv": [11, 5, 12, 8], "texture": "#0"},
				"east": {"uv": [10, 5, 11, 8], "texture": "#0"},
				"south": {"uv": [13, 5, 14, 8], "texture": "#0"},
				"west": {"uv": [12, 5, 13, 8], "texture": "#0"},
				"up": {"uv": [11, 5, 12, 4], "texture": "#0"},
				"down": {"uv": [12, 4, 13, 5], "texture": "#0"}
			}
		},
		{
			"name": "LArm",
			"from": [0, 12, 6],
			"to": [4, 24, 10],
			"faces": {
				"north": {"uv": [9, 13, 10, 16], "texture": "#0"},
				"east": {"uv": [8, 13, 9, 16], "texture": "#0"},
				"south": {"uv": [10, 13, 11, 16], "texture": "#0"},
				"west": {"uv": [11, 13, 12, 16], "texture": "#0"},
				"up": {"uv": [9, 13, 10, 12], "texture": "#0"},
				"down": {"uv": [10, 12, 11, 13], "texture": "#0"}
			}
		},
		{
			"name": "Head",
			"from": [4, 24, 4],
			"to": [12, 32, 12],
			"faces": {
				"north": {"uv": [2, 2, 4, 4], "texture": "#0"},
				"east": {"uv": [0, 2, 2, 4], "texture": "#0"},
				"south": {"uv": [6, 2, 8, 4], "texture": "#0"},
				"west": {"uv": [4, 2, 6, 4], "texture": "#0"},
				"up": {"uv": [2, 0, 4, 2], "texture": "#0"},
				"down": {"uv": [4, 0, 6, 2], "texture": "#0"}
			}
		},
		{
			"name": "Headband",
			"from": [3.75, 26, 7],
			"to": [12.25, 32, 9],
			"faces": {
				"north": {"uv": [12.75, 2, 13.25, 3.5], "texture": "#0"},
				"east": {"uv": [12.75, 2, 13.25, 3.5], "texture": "#0"},
				"south": {"uv": [12.75, 2, 13.25, 3.5], "texture": "#0"},
				"west": {"uv": [12.75, 2, 13.25, 3.5], "texture": "#0"},
				"up": {"uv": [10, 0.75, 12, 1.25], "texture": "#0"},
				"down": {"uv": [10, 0.75, 12, 1.25], "texture": "#0"}
			}
		},
		{
			"name": "Left",
			"from": [3.75, 27, 6],
			"to": [4.75, 29, 10],
			"faces": {
				"north": {"uv": [11.5, 0.75, 12, 1.25], "texture": "#0"},
				"east": {"uv": [12.5, 2.75, 13.5, 3.25], "texture": "#0"},
				"south": {"uv": [11.5, 0.75, 12, 1.25], "texture": "#0"},
				"west": {"uv": [12.5, 2.75, 13.5, 3.25], "texture": "#0"},
				"up": {"uv": [12.75, 2.5, 13.25, 3.5], "texture": "#0"},
				"down": {"uv": [12.75, 2.5, 13.25, 3.5], "texture": "#0"}
			}
		},
		{
			"name": "Right",
			"from": [11.25, 27, 6],
			"to": [12.25, 29, 10],
			"faces": {
				"north": {"uv": [11.5, 0.75, 12, 1.25], "texture": "#0"},
				"east": {"uv": [12.5, 2.75, 13.5, 3.25], "texture": "#0"},
				"south": {"uv": [11.5, 0.75, 12, 1.25], "texture": "#0"},
				"west": {"uv": [12.5, 2.75, 13.5, 3.25], "texture": "#0"},
				"up": {"uv": [12.75, 2.5, 13.25, 3.5], "texture": "#0"},
				"down": {"uv": [12.75, 2.5, 13.25, 3.5], "texture": "#0"}
			}
		},
		{
			"from": [3.75, 23.75, 8],
			"to": [12.25, 25, 12.25],
			"faces": {
				"north": {"uv": [10, 0.75, 10.5, 1.25], "texture": "#0"},
				"east": {"uv": [8, 3.75, 9, 4], "texture": "#0"},
				"south": {"uv": [14, 3.75, 16, 4], "texture": "#0"},
				"west": {"uv": [13, 3.75, 14, 4], "texture": "#0"},
				"up": {"uv": [10, 0.75, 10.5, 1.25], "texture": "#0"},
				"down": {"uv": [12, 0, 14, 1], "texture": "#0"}
			}
		},
		{
			"from": [3.75, 25, 9],
			"to": [12.25, 26, 12.25],
			"faces": {
				"north": {"uv": [11.5, 0.75, 12, 1.25], "texture": "#0"},
				"east": {"uv": [8, 3.5, 8.75, 3.75], "texture": "#0"},
				"south": {"uv": [14, 3.5, 16, 3.75], "texture": "#0"},
				"west": {"uv": [13.25, 3.5, 14, 3.75], "texture": "#0"},
				"up": {"uv": [11.5, 0.75, 12, 1.25], "texture": "#0"},
				"down": {"uv": [0, 0, 8.5, 3.25], "texture": "#0"}
			}
		},
		{
			"from": [3.75, 26, 10],
			"to": [12.25, 27, 12.25],
			"faces": {
				"north": {"uv": [11.5, 0.75, 12, 1.25], "texture": "#0"},
				"east": {"uv": [8, 3.25, 8.5, 3.5], "texture": "#0"},
				"south": {"uv": [14, 3.25, 16, 3.5], "texture": "#0"},
				"west": {"uv": [13.5, 3.25, 14, 3.5], "texture": "#0"},
				"up": {"uv": [11.5, 0.75, 12, 1.25], "texture": "#0"},
				"down": {"uv": [0, 0, 8.5, 2.25], "texture": "#0"}
			}
		},
		{
			"from": [3.75, 27, 10],
			"to": [12.25, 28, 12.25],
			"faces": {
				"north": {"uv": [8.25, 3, 8.5, 3.25], "texture": "#0"},
				"east": {"uv": [8, 3, 8.5, 3.25], "texture": "#0"},
				"south": {"uv": [14, 3, 16, 3.25], "texture": "#0"},
				"west": {"uv": [13.5, 3, 14, 3.25], "texture": "#0"},
				"up": {"uv": [8, 3, 8.5, 3.25], "rotation": 270, "texture": "#0"},
				"down": {"uv": [0, 0, 8.5, 1.25], "texture": "#0"}
			}
		}
	],
	"groups": [
		{
			"name": "Statue",
			"origin": [8, 8, 8],
			"color": 0,
			"children": [
				0,
				1,
				2,
				3,
				4,
				5,
				{
					"name": "Overlay",
					"origin": [8, 8, 8],
					"color": 0,
					"children": [
						{
							"name": "Headphones",
							"origin": [0, 0, 0],
							"color": 0,
							"children": [6, 7, 8]
						},
						{
							"name": "Back",
							"origin": [8, 8, 8],
							"color": 0,
							"children": [9, 10, 11, 12]
						}
					]
				}
			]
		}
	]
}